<?xml version="1.0" encoding="UTF-8"?>
<project-private xmlns="http://www.netbeans.org/ns/project-private/1">
    <editor-bookmarks xmlns="http://www.netbeans.org/ns/editor-bookmarks/2" lastBookmarkId="0"/>
    <open-files xmlns="http://www.netbeans.org/ns/projectui-open-files/2">
        <group>
            <file>file:/D:/stds/Sem%203/OOPS/Manuals/Final/Hotel/src/minipoo/selections.java</file>
            <file>file:/D:/stds/Sem%203/OOPS/Manuals/Final/Hotel/src/minipoo/finale.java</file>
            <file>file:/D:/stds/Sem%203/OOPS/Manuals/Final/Hotel/src/minipoo/Minipoo.java</file>
            <file>file:/D:/stds/Sem%203/OOPS/Manuals/Final/Hotel/src/minipoo/payment.java</file>
            <file>file:/D:/stds/Sem%203/OOPS/Manuals/Final/Hotel/src/minipoo/select_room_mates.java</file>
        </group>
    </open-files>
</project-private>
